TABLE_NAME,COLUMN_NAME,TABLE_SCHEMA,TABLE_CATALOG,ENGINE_ATTRIBUTE,SECONDARY_ENGINE_ATTRIBUTE
<blank>,GRANTEE,<blank>,information_schema,def,ADMINISTRABLE_ROLE_AUTHORIZATIONS
<blank>,GRANTEE_HOST,<blank>,information_schema,def,ADMINISTRABLE_ROLE_AUTHORIZATIONS
<blank>,HOST,<blank>,information_schema,def,ADMINISTRABLE_ROLE_AUTHORIZATIONS
<blank>,IS_DEFAULT,<blank>,information_schema,def,ADMINISTRABLE_ROLE_AUTHORIZATIONS
<blank>,IS_GRANTABLE,<blank>,information_schema,def,ADMINISTRABLE_ROLE_AUTHORIZATIONS
<blank>,IS_MANDATORY,<blank>,information_schema,def,ADMINISTRABLE_ROLE_AUTHORIZATIONS
<blank>,ROLE_HOST,<blank>,information_schema,def,ADMINISTRABLE_ROLE_AUTHORIZATIONS
<blank>,ROLE_NAME,<blank>,information_schema,def,ADMINISTRABLE_ROLE_AUTHORIZATIONS
<blank>,USER,<blank>,information_schema,def,ADMINISTRABLE_ROLE_AUTHORIZATIONS
<blank>,GRANTEE,<blank>,information_schema,def,APPLICABLE_ROLES
<blank>,GRANTEE_HOST,<blank>,information_schema,def,APPLICABLE_ROLES
<blank>,HOST,<blank>,information_schema,def,APPLICABLE_ROLES
<blank>,IS_DEFAULT,<blank>,information_schema,def,APPLICABLE_ROLES
<blank>,IS_GRANTABLE,<blank>,information_schema,def,APPLICABLE_ROLES
<blank>,IS_MANDATORY,<blank>,information_schema,def,APPLICABLE_ROLES
<blank>,ROLE_HOST,<blank>,information_schema,def,APPLICABLE_ROLES
<blank>,ROLE_NAME,<blank>,information_schema,def,APPLICABLE_ROLES
<blank>,USER,<blank>,information_schema,def,APPLICABLE_ROLES
<blank>,CHARACTER_SET_NAME,<blank>,information_schema,def,CHARACTER_SETS
<blank>,DEFAULT_COLLATE_NAME,<blank>,information_schema,def,CHARACTER_SETS
<blank>,DESCRIPTION,<blank>,information_schema,def,CHARACTER_SETS
<blank>,MAXLEN,<blank>,information_schema,def,CHARACTER_SETS
<blank>,CHECK_CLAUSE,<blank>,information_schema,def,CHECK_CONSTRAINTS
<blank>,CONSTRAINT_CATALOG,<blank>,information_schema,def,CHECK_CONSTRAINTS
<blank>,CONSTRAINT_NAME,<blank>,information_schema,def,CHECK_CONSTRAINTS
<blank>,CONSTRAINT_SCHEMA,<blank>,information_schema,def,CHECK_CONSTRAINTS
<blank>,CHARACTER_SET_NAME,<blank>,information_schema,def,COLLATIONS
<blank>,COLLATION_NAME,<blank>,information_schema,def,COLLATIONS
<blank>,ID,<blank>,information_schema,def,COLLATIONS
<blank>,IS_COMPILED,<blank>,information_schema,def,COLLATIONS
<blank>,IS_DEFAULT,<blank>,information_schema,def,COLLATIONS
<blank>,PAD_ATTRIBUTE,<blank>,information_schema,def,COLLATIONS
<blank>,SORTLEN,<blank>,information_schema,def,COLLATIONS
<blank>,CHARACTER_SET_NAME,<blank>,information_schema,def,COLLATION_CHARACTER_SET_APPLICABILITY
<blank>,COLLATION_NAME,<blank>,information_schema,def,COLLATION_CHARACTER_SET_APPLICABILITY
<blank>,CHARACTER_MAXIMUM_LENGTH,<blank>,information_schema,def,COLUMNS
<blank>,CHARACTER_OCTET_LENGTH,<blank>,information_schema,def,COLUMNS
<blank>,CHARACTER_SET_NAME,<blank>,information_schema,def,COLUMNS
<blank>,COLLATION_NAME,<blank>,information_schema,def,COLUMNS
<blank>,COLUMN_COMMENT,<blank>,information_schema,def,COLUMNS
<blank>,COLUMN_DEFAULT,<blank>,information_schema,def,COLUMNS
<blank>,COLUMN_KEY,<blank>,information_schema,def,COLUMNS
<blank>,COLUMN_NAME,<blank>,information_schema,def,COLUMNS
<blank>,COLUMN_TYPE,<blank>,information_schema,def,COLUMNS
<blank>,DATA_TYPE,<blank>,information_schema,def,COLUMNS
<blank>,DATETIME_PRECISION,<blank>,information_schema,def,COLUMNS
<blank>,EXTRA,<blank>,information_schema,def,COLUMNS
<blank>,GENERATION_EXPRESSION,<blank>,information_schema,def,COLUMNS
<blank>,IS_NULLABLE,<blank>,information_schema,def,COLUMNS
<blank>,NUMERIC_PRECISION,<blank>,information_schema,def,COLUMNS
<blank>,NUMERIC_SCALE,<blank>,information_schema,def,COLUMNS
<blank>,ORDINAL_POSITION,<blank>,information_schema,def,COLUMNS
<blank>,PRIVILEGES,<blank>,information_schema,def,COLUMNS
<blank>,SRS_ID,<blank>,information_schema,def,COLUMNS
<blank>,TABLE_CATALOG,<blank>,information_schema,def,COLUMNS
<blank>,TABLE_NAME,<blank>,information_schema,def,COLUMNS
<blank>,TABLE_SCHEMA,<blank>,information_schema,def,COLUMNS
<blank>,COLUMN_NAME,<blank>,information_schema,def,COLUMNS_EXTENSIONS
<blank>,ENGINE_ATTRIBUTE,<blank>,information_schema,def,COLUMNS_EXTENSIONS
<blank>,SECONDARY_ENGINE_ATTRIBUTE,<blank>,information_schema,def,COLUMNS_EXTENSIONS
<blank>,TABLE_CATALOG,<blank>,information_schema,def,COLUMNS_EXTENSIONS
<blank>,TABLE_NAME,<blank>,information_schema,def,COLUMNS_EXTENSIONS
<blank>,TABLE_SCHEMA,<blank>,information_schema,def,COLUMNS_EXTENSIONS
<blank>,COLUMN_NAME,<blank>,information_schema,def,COLUMN_PRIVILEGES
<blank>,GRANTEE,<blank>,information_schema,def,COLUMN_PRIVILEGES
<blank>,IS_GRANTABLE,<blank>,information_schema,def,COLUMN_PRIVILEGES
<blank>,PRIVILEGE_TYPE,<blank>,information_schema,def,COLUMN_PRIVILEGES
<blank>,TABLE_CATALOG,<blank>,information_schema,def,COLUMN_PRIVILEGES
<blank>,TABLE_NAME,<blank>,information_schema,def,COLUMN_PRIVILEGES
<blank>,TABLE_SCHEMA,<blank>,information_schema,def,COLUMN_PRIVILEGES
<blank>,COLUMN_NAME,<blank>,information_schema,def,COLUMN_STATISTICS
<blank>,HISTOGRAM,<blank>,information_schema,def,COLUMN_STATISTICS
<blank>,SCHEMA_NAME,<blank>,information_schema,def,COLUMN_STATISTICS
<blank>,TABLE_NAME,<blank>,information_schema,def,COLUMN_STATISTICS
<blank>,IS_DEFAULT,<blank>,information_schema,def,ENABLED_ROLES
<blank>,IS_MANDATORY,<blank>,information_schema,def,ENABLED_ROLES
<blank>,ROLE_HOST,<blank>,information_schema,def,ENABLED_ROLES
<blank>,ROLE_NAME,<blank>,information_schema,def,ENABLED_ROLES
<blank>,COMMENT,<blank>,information_schema,def,ENGINES
<blank>,ENGINE,<blank>,information_schema,def,ENGINES
<blank>,SAVEPOINTS,<blank>,information_schema,def,ENGINES
<blank>,SUPPORT,<blank>,information_schema,def,ENGINES
<blank>,TRANSACTIONS,<blank>,information_schema,def,ENGINES
<blank>,XA,<blank>,information_schema,def,ENGINES
<blank>,CHARACTER_SET_CLIENT,<blank>,information_schema,def,EVENTS
<blank>,COLLATION_CONNECTION,<blank>,information_schema,def,EVENTS
<blank>,CREATED,<blank>,information_schema,def,EVENTS
<blank>,DATABASE_COLLATION,<blank>,information_schema,def,EVENTS
<blank>,DEFINER,<blank>,information_schema,def,EVENTS
<blank>,ENDS,<blank>,information_schema,def,EVENTS
<blank>,EVENT_BODY,<blank>,information_schema,def,EVENTS
<blank>,EVENT_CATALOG,<blank>,information_schema,def,EVENTS
<blank>,EVENT_COMMENT,<blank>,information_schema,def,EVENTS
<blank>,EVENT_DEFINITION,<blank>,information_schema,def,EVENTS
<blank>,EVENT_NAME,<blank>,information_schema,def,EVENTS
<blank>,EVENT_SCHEMA,<blank>,information_schema,def,EVENTS
<blank>,EVENT_TYPE,<blank>,information_schema,def,EVENTS
<blank>,EXECUTE_AT,<blank>,information_schema,def,EVENTS
<blank>,INTERVAL_FIELD,<blank>,information_schema,def,EVENTS
<blank>,INTERVAL_VALUE,<blank>,information_schema,def,EVENTS
<blank>,LAST_ALTERED,<blank>,information_schema,def,EVENTS
<blank>,LAST_EXECUTED,<blank>,information_schema,def,EVENTS
<blank>,ON_COMPLETION,<blank>,information_schema,def,EVENTS
<blank>,ORIGINATOR,<blank>,information_schema,def,EVENTS
<blank>,SQL_MODE,<blank>,information_schema,def,EVENTS
<blank>,STARTS,<blank>,information_schema,def,EVENTS
<blank>,STATUS,<blank>,information_schema,def,EVENTS
<blank>,TIME_ZONE,<blank>,information_schema,def,EVENTS
<blank>,AUTOEXTEND_SIZE,<blank>,information_schema,def,FILES
<blank>,AVG_ROW_LENGTH,<blank>,information_schema,def,FILES
<blank>,CHECK_TIME,<blank>,information_schema,def,FILES
<blank>,CHECKSUM,<blank>,information_schema,def,FILES
<blank>,CREATE_TIME,<blank>,information_schema,def,FILES
<blank>,CREATION_TIME,<blank>,information_schema,def,FILES
<blank>,DATA_FREE,<blank>,information_schema,def,FILES
<blank>,DATA_LENGTH,<blank>,information_schema,def,FILES
<blank>,DELETED_ROWS,<blank>,information_schema,def,FILES
<blank>,ENGINE,<blank>,information_schema,def,FILES
<blank>,EXTENT_SIZE,<blank>,information_schema,def,FILES
<blank>,EXTRA,<blank>,information_schema,def,FILES
<blank>,FILE_ID,<blank>,information_schema,def,FILES
<blank>,FILE_NAME,<blank>,information_schema,def,FILES
<blank>,FILE_TYPE,<blank>,information_schema,def,FILES
<blank>,FREE_EXTENTS,<blank>,information_schema,def,FILES
<blank>,FULLTEXT_KEYS,<blank>,information_schema,def,FILES
<blank>,INDEX_LENGTH,<blank>,information_schema,def,FILES
<blank>,INITIAL_SIZE,<blank>,information_schema,def,FILES
<blank>,LAST_ACCESS_TIME,<blank>,information_schema,def,FILES
<blank>,LAST_UPDATE_TIME,<blank>,information_schema,def,FILES
<blank>,LOGFILE_GROUP_NAME,<blank>,information_schema,def,FILES
<blank>,LOGFILE_GROUP_NUMBER,<blank>,information_schema,def,FILES
<blank>,MAX_DATA_LENGTH,<blank>,information_schema,def,FILES
<blank>,MAXIMUM_SIZE,<blank>,information_schema,def,FILES
<blank>,RECOVER_TIME,<blank>,information_schema,def,FILES
<blank>,ROW_FORMAT,<blank>,information_schema,def,FILES
<blank>,STATUS,<blank>,information_schema,def,FILES
<blank>,TABLE_CATALOG,<blank>,information_schema,def,FILES
<blank>,TABLE_NAME,<blank>,information_schema,def,FILES
<blank>,TABLE_ROWS,<blank>,information_schema,def,FILES
<blank>,TABLE_SCHEMA,<blank>,information_schema,def,FILES
<blank>,TABLESPACE_NAME,<blank>,information_schema,def,FILES
<blank>,TOTAL_EXTENTS,<blank>,information_schema,def,FILES
<blank>,TRANSACTION_COUNTER,<blank>,information_schema,def,FILES
<blank>,UPDATE_COUNT,<blank>,information_schema,def,FILES
<blank>,UPDATE_TIME,<blank>,information_schema,def,FILES
<blank>,VERSION,<blank>,information_schema,def,FILES
<blank>,ACCESS_TIME,<blank>,information_schema,def,INNODB_BUFFER_PAGE
<blank>,BLOCK_ID,<blank>,information_schema,def,INNODB_BUFFER_PAGE
<blank>,COMPRESSED_SIZE,<blank>,information_schema,def,INNODB_BUFFER_PAGE
<blank>,DATA_SIZE,<blank>,information_schema,def,INNODB_BUFFER_PAGE
<blank>,FIX_COUNT,<blank>,information_schema,def,INNODB_BUFFER_PAGE
<blank>,FLUSH_TYPE,<blank>,information_schema,def,INNODB_BUFFER_PAGE
<blank>,FREE_PAGE_CLOCK,<blank>,information_schema,def,INNODB_BUFFER_PAGE
<blank>,INDEX_NAME,<blank>,information_schema,def,INNODB_BUFFER_PAGE
<blank>,IO_FIX,<blank>,information_schema,def,INNODB_BUFFER_PAGE
<blank>,IS_HASHED,<blank>,information_schema,def,INNODB_BUFFER_PAGE
<blank>,IS_OLD,<blank>,information_schema,def,INNODB_BUFFER_PAGE
<blank>,IS_STALE,<blank>,information_schema,def,INNODB_BUFFER_PAGE
<blank>,NEWEST_MODIFICATION,<blank>,information_schema,def,INNODB_BUFFER_PAGE
<blank>,NUMBER_RECORDS,<blank>,information_schema,def,INNODB_BUFFER_PAGE
<blank>,OLDEST_MODIFICATION,<blank>,information_schema,def,INNODB_BUFFER_PAGE
<blank>,PAGE_NUMBER,<blank>,information_schema,def,INNODB_BUFFER_PAGE
<blank>,PAGE_STATE,<blank>,information_schema,def,INNODB_BUFFER_PAGE
<blank>,PAGE_TYPE,<blank>,information_schema,def,INNODB_BUFFER_PAGE
<blank>,POOL_ID,<blank>,information_schema,def,INNODB_BUFFER_PAGE
<blank>,SPACE,<blank>,information_schema,def,INNODB_BUFFER_PAGE
<blank>,TABLE_NAME,<blank>,information_schema,def,INNODB_BUFFER_PAGE
<blank>,ACCESS_TIME,<blank>,information_schema,def,INNODB_BUFFER_PAGE_LRU
<blank>,COMPRESSED,<blank>,information_schema,def,INNODB_BUFFER_PAGE_LRU
<blank>,COMPRESSED_SIZE,<blank>,information_schema,def,INNODB_BUFFER_PAGE_LRU
<blank>,DATA_SIZE,<blank>,information_schema,def,INNODB_BUFFER_PAGE_LRU
<blank>,FIX_COUNT,<blank>,information_schema,def,INNODB_BUFFER_PAGE_LRU
<blank>,FLUSH_TYPE,<blank>,information_schema,def,INNODB_BUFFER_PAGE_LRU
<blank>,FREE_PAGE_CLOCK,<blank>,information_schema,def,INNODB_BUFFER_PAGE_LRU
<blank>,INDEX_NAME,<blank>,information_schema,def,INNODB_BUFFER_PAGE_LRU
<blank>,IO_FIX,<blank>,information_schema,def,INNODB_BUFFER_PAGE_LRU
<blank>,IS_HASHED,<blank>,information_schema,def,INNODB_BUFFER_PAGE_LRU
<blank>,IS_OLD,<blank>,information_schema,def,INNODB_BUFFER_PAGE_LRU
<blank>,LRU_POSITION,<blank>,information_schema,def,INNODB_BUFFER_PAGE_LRU
<blank>,NEWEST_MODIFICATION,<blank>,information_schema,def,INNODB_BUFFER_PAGE_LRU
<blank>,NUMBER_RECORDS,<blank>,information_schema,def,INNODB_BUFFER_PAGE_LRU
<blank>,OLDEST_MODIFICATION,<blank>,information_schema,def,INNODB_BUFFER_PAGE_LRU
<blank>,PAGE_NUMBER,<blank>,information_schema,def,INNODB_BUFFER_PAGE_LRU
<blank>,PAGE_TYPE,<blank>,information_schema,def,INNODB_BUFFER_PAGE_LRU
<blank>,POOL_ID,<blank>,information_schema,def,INNODB_BUFFER_PAGE_LRU
<blank>,SPACE,<blank>,information_schema,def,INNODB_BUFFER_PAGE_LRU
<blank>,TABLE_NAME,<blank>,information_schema,def,INNODB_BUFFER_PAGE_LRU
<blank>,DATABASE_PAGES,<blank>,information_schema,def,INNODB_BUFFER_POOL_STATS
<blank>,FREE_BUFFERS,<blank>,information_schema,def,INNODB_BUFFER_POOL_STATS
<blank>,HIT_RATE,<blank>,information_schema,def,INNODB_BUFFER_POOL_STATS
<blank>,LRU_IO_CURRENT,<blank>,information_schema,def,INNODB_BUFFER_POOL_STATS
<blank>,LRU_IO_TOTAL,<blank>,information_schema,def,INNODB_BUFFER_POOL_STATS
<blank>,MODIFIED_DATABASE_PAGES,<blank>,information_schema,def,INNODB_BUFFER_POOL_STATS
<blank>,NOT_YOUNG_MAKE_PER_THOUSAND_GETS,<blank>,information_schema,def,INNODB_BUFFER_POOL_STATS
<blank>,NUMBER_PAGES_CREATED,<blank>,information_schema,def,INNODB_BUFFER_POOL_STATS
<blank>,NUMBER_PAGES_GET,<blank>,information_schema,def,INNODB_BUFFER_POOL_STATS
<blank>,NUMBER_PAGES_READ,<blank>,information_schema,def,INNODB_BUFFER_POOL_STATS
<blank>,NUMBER_PAGES_READ_AHEAD,<blank>,information_schema,def,INNODB_BUFFER_POOL_STATS
<blank>,NUMBER_PAGES_WRITTEN,<blank>,information_schema,def,INNODB_BUFFER_POOL_STATS
<blank>,NUMBER_READ_AHEAD_EVICTED,<blank>,information_schema,def,INNODB_BUFFER_POOL_STATS
<blank>,OLD_DATABASE_PAGES,<blank>,information_schema,def,INNODB_BUFFER_POOL_STATS
<blank>,PAGES_CREATE_RATE,<blank>,information_schema,def,INNODB_BUFFER_POOL_STATS
<blank>,PAGES_MADE_NOT_YOUNG_RATE,<blank>,information_schema,def,INNODB_BUFFER_POOL_STATS
<blank>,PAGES_MADE_YOUNG,<blank>,information_schema,def,INNODB_BUFFER_POOL_STATS
<blank>,PAGES_MADE_YOUNG_RATE,<blank>,information_schema,def,INNODB_BUFFER_POOL_STATS
<blank>,PAGES_NOT_MADE_YOUNG,<blank>,information_schema,def,INNODB_BUFFER_POOL_STATS
<blank>,PAGES_READ_RATE,<blank>,information_schema,def,INNODB_BUFFER_POOL_STATS
<blank>,PAGES_WRITTEN_RATE,<blank>,information_schema,def,INNODB_BUFFER_POOL_STATS
<blank>,PENDING_DECOMPRESS,<blank>,information_schema,def,INNODB_BUFFER_POOL_STATS
<blank>,PENDING_FLUSH_LIST,<blank>,information_schema,def,INNODB_BUFFER_POOL_STATS
<blank>,PENDING_FLUSH_LRU,<blank>,information_schema,def,INNODB_BUFFER_POOL_STATS
<blank>,PENDING_READS,<blank>,information_schema,def,INNODB_BUFFER_POOL_STATS
<blank>,POOL_ID,<blank>,information_schema,def,INNODB_BUFFER_POOL_STATS
<blank>,POOL_SIZE,<blank>,information_schema,def,INNODB_BUFFER_POOL_STATS
<blank>,READ_AHEAD_EVICTED_RATE,<blank>,information_schema,def,INNODB_BUFFER_POOL_STATS
<blank>,READ_AHEAD_RATE,<blank>,information_schema,def,INNODB_BUFFER_POOL_STATS
<blank>,UNCOMPRESS_CURRENT,<blank>,information_schema,def,INNODB_BUFFER_POOL_STATS
<blank>,UNCOMPRESS_TOTAL,<blank>,information_schema,def,INNODB_BUFFER_POOL_STATS
<blank>,YOUNG_MAKE_PER_THOUSAND_GETS,<blank>,information_schema,def,INNODB_BUFFER_POOL_STATS
<blank>,INDEX_ID,<blank>,information_schema,def,INNODB_CACHED_INDEXES
<blank>,N_CACHED_PAGES,<blank>,information_schema,def,INNODB_CACHED_INDEXES
<blank>,SPACE_ID,<blank>,information_schema,def,INNODB_CACHED_INDEXES
<blank>,compress_ops,<blank>,information_schema,def,INNODB_CMP
<blank>,compress_ops_ok,<blank>,information_schema,def,INNODB_CMP
<blank>,compress_time,<blank>,information_schema,def,INNODB_CMP
<blank>,page_size,<blank>,information_schema,def,INNODB_CMP
<blank>,uncompress_ops,<blank>,information_schema,def,INNODB_CMP
<blank>,uncompress_time,<blank>,information_schema,def,INNODB_CMP
<blank>,buffer_pool_instance,<blank>,information_schema,def,INNODB_CMPMEM
<blank>,page_size,<blank>,information_schema,def,INNODB_CMPMEM
<blank>,pages_free,<blank>,information_schema,def,INNODB_CMPMEM
<blank>,pages_used,<blank>,information_schema,def,INNODB_CMPMEM
<blank>,relocation_ops,<blank>,information_schema,def,INNODB_CMPMEM
<blank>,relocation_time,<blank>,information_schema,def,INNODB_CMPMEM
<blank>,buffer_pool_instance,<blank>,information_schema,def,INNODB_CMPMEM_RESET
<blank>,page_size,<blank>,information_schema,def,INNODB_CMPMEM_RESET
<blank>,pages_free,<blank>,information_schema,def,INNODB_CMPMEM_RESET
<blank>,pages_used,<blank>,information_schema,def,INNODB_CMPMEM_RESET
<blank>,relocation_ops,<blank>,information_schema,def,INNODB_CMPMEM_RESET
<blank>,relocation_time,<blank>,information_schema,def,INNODB_CMPMEM_RESET
<blank>,compress_ops,<blank>,information_schema,def,INNODB_CMP_PER_INDEX
<blank>,compress_ops_ok,<blank>,information_schema,def,INNODB_CMP_PER_INDEX
<blank>,compress_time,<blank>,information_schema,def,INNODB_CMP_PER_INDEX
<blank>,database_name,<blank>,information_schema,def,INNODB_CMP_PER_INDEX
<blank>,index_name,<blank>,information_schema,def,INNODB_CMP_PER_INDEX
<blank>,table_name,<blank>,information_schema,def,INNODB_CMP_PER_INDEX
<blank>,uncompress_ops,<blank>,information_schema,def,INNODB_CMP_PER_INDEX
<blank>,uncompress_time,<blank>,information_schema,def,INNODB_CMP_PER_INDEX
<blank>,compress_ops,<blank>,information_schema,def,INNODB_CMP_PER_INDEX_RESET
<blank>,compress_ops_ok,<blank>,information_schema,def,INNODB_CMP_PER_INDEX_RESET
<blank>,compress_time,<blank>,information_schema,def,INNODB_CMP_PER_INDEX_RESET
<blank>,database_name,<blank>,information_schema,def,INNODB_CMP_PER_INDEX_RESET
<blank>,index_name,<blank>,information_schema,def,INNODB_CMP_PER_INDEX_RESET
<blank>,table_name,<blank>,information_schema,def,INNODB_CMP_PER_INDEX_RESET
<blank>,uncompress_ops,<blank>,information_schema,def,INNODB_CMP_PER_INDEX_RESET
<blank>,uncompress_time,<blank>,information_schema,def,INNODB_CMP_PER_INDEX_RESET
<blank>,compress_ops,<blank>,information_schema,def,INNODB_CMP_RESET
<blank>,compress_ops_ok,<blank>,information_schema,def,INNODB_CMP_RESET
<blank>,compress_time,<blank>,information_schema,def,INNODB_CMP_RESET
<blank>,page_size,<blank>,information_schema,def,INNODB_CMP_RESET
<blank>,uncompress_ops,<blank>,information_schema,def,INNODB_CMP_RESET
<blank>,uncompress_time,<blank>,information_schema,def,INNODB_CMP_RESET
<blank>,DEFAULT_VALUE,<blank>,information_schema,def,INNODB_COLUMNS
<blank>,HAS_DEFAULT,<blank>,information_schema,def,INNODB_COLUMNS
<blank>,LEN,<blank>,information_schema,def,INNODB_COLUMNS
<blank>,MTYPE,<blank>,information_schema,def,INNODB_COLUMNS
<blank>,NAME,<blank>,information_schema,def,INNODB_COLUMNS
<blank>,POS,<blank>,information_schema,def,INNODB_COLUMNS
<blank>,PRTYPE,<blank>,information_schema,def,INNODB_COLUMNS
<blank>,TABLE_ID,<blank>,information_schema,def,INNODB_COLUMNS
<blank>,PATH,<blank>,information_schema,def,INNODB_DATAFILES
<blank>,SPACE,<blank>,information_schema,def,INNODB_DATAFILES
<blank>,INDEX_ID,<blank>,information_schema,def,INNODB_FIELDS
<blank>,NAME,<blank>,information_schema,def,INNODB_FIELDS
<blank>,POS,<blank>,information_schema,def,INNODB_FIELDS
<blank>,FOR_NAME,<blank>,information_schema,def,INNODB_FOREIGN
<blank>,ID,<blank>,information_schema,def,INNODB_FOREIGN
<blank>,N_COLS,<blank>,information_schema,def,INNODB_FOREIGN
<blank>,REF_NAME,<blank>,information_schema,def,INNODB_FOREIGN
<blank>,TYPE,<blank>,information_schema,def,INNODB_FOREIGN
<blank>,FOR_COL_NAME,<blank>,information_schema,def,INNODB_FOREIGN_COLS
<blank>,ID,<blank>,information_schema,def,INNODB_FOREIGN_COLS
<blank>,POS,<blank>,information_schema,def,INNODB_FOREIGN_COLS
<blank>,REF_COL_NAME,<blank>,information_schema,def,INNODB_FOREIGN_COLS
<blank>,DOC_ID,<blank>,information_schema,def,INNODB_FT_BEING_DELETED
<blank>,KEY,<blank>,information_schema,def,INNODB_FT_CONFIG
<blank>,VALUE,<blank>,information_schema,def,INNODB_FT_CONFIG
<blank>,value,<blank>,information_schema,def,INNODB_FT_DEFAULT_STOPWORD
<blank>,DOC_ID,<blank>,information_schema,def,INNODB_FT_DELETED
<blank>,DOC_COUNT,<blank>,information_schema,def,INNODB_FT_INDEX_CACHE
<blank>,DOC_ID,<blank>,information_schema,def,INNODB_FT_INDEX_CACHE
<blank>,FIRST_DOC_ID,<blank>,information_schema,def,INNODB_FT_INDEX_CACHE
<blank>,LAST_DOC_ID,<blank>,information_schema,def,INNODB_FT_INDEX_CACHE
<blank>,POSITION,<blank>,information_schema,def,INNODB_FT_INDEX_CACHE
<blank>,WORD,<blank>,information_schema,def,INNODB_FT_INDEX_CACHE
<blank>,DOC_COUNT,<blank>,information_schema,def,INNODB_FT_INDEX_TABLE
<blank>,DOC_ID,<blank>,information_schema,def,INNODB_FT_INDEX_TABLE
<blank>,FIRST_DOC_ID,<blank>,information_schema,def,INNODB_FT_INDEX_TABLE
<blank>,LAST_DOC_ID,<blank>,information_schema,def,INNODB_FT_INDEX_TABLE
<blank>,POSITION,<blank>,information_schema,def,INNODB_FT_INDEX_TABLE
<blank>,WORD,<blank>,information_schema,def,INNODB_FT_INDEX_TABLE
<blank>,INDEX_ID,<blank>,information_schema,def,INNODB_INDEXES
<blank>,MERGE_THRESHOLD,<blank>,information_schema,def,INNODB_INDEXES
<blank>,N_FIELDS,<blank>,information_schema,def,INNODB_INDEXES
<blank>,NAME,<blank>,information_schema,def,INNODB_INDEXES
<blank>,PAGE_NO,<blank>,information_schema,def,INNODB_INDEXES
<blank>,SPACE,<blank>,information_schema,def,INNODB_INDEXES
<blank>,TABLE_ID,<blank>,information_schema,def,INNODB_INDEXES
<blank>,TYPE,<blank>,information_schema,def,INNODB_INDEXES
<blank>,AVG_COUNT,<blank>,information_schema,def,INNODB_METRICS
<blank>,AVG_COUNT_RESET,<blank>,information_schema,def,INNODB_METRICS
<blank>,COMMENT,<blank>,information_schema,def,INNODB_METRICS
<blank>,COUNT,<blank>,information_schema,def,INNODB_METRICS
<blank>,COUNT_RESET,<blank>,information_schema,def,INNODB_METRICS
<blank>,MAX_COUNT,<blank>,information_schema,def,INNODB_METRICS
<blank>,MAX_COUNT_RESET,<blank>,information_schema,def,INNODB_METRICS
<blank>,MIN_COUNT,<blank>,information_schema,def,INNODB_METRICS
<blank>,MIN_COUNT_RESET,<blank>,information_schema,def,INNODB_METRICS
<blank>,NAME,<blank>,information_schema,def,INNODB_METRICS
<blank>,STATUS,<blank>,information_schema,def,INNODB_METRICS
<blank>,SUBSYSTEM,<blank>,information_schema,def,INNODB_METRICS
<blank>,TIME_DISABLED,<blank>,information_schema,def,INNODB_METRICS
<blank>,TIME_ELAPSED,<blank>,information_schema,def,INNODB_METRICS
<blank>,TIME_ENABLED,<blank>,information_schema,def,INNODB_METRICS
<blank>,TIME_RESET,<blank>,information_schema,def,INNODB_METRICS
<blank>,TYPE,<blank>,information_schema,def,INNODB_METRICS
<blank>,ID,<blank>,information_schema,def,INNODB_SESSION_TEMP_TABLESPACES
<blank>,PATH,<blank>,information_schema,def,INNODB_SESSION_TEMP_TABLESPACES
<blank>,PURPOSE,<blank>,information_schema,def,INNODB_SESSION_TEMP_TABLESPACES
<blank>,SIZE,<blank>,information_schema,def,INNODB_SESSION_TEMP_TABLESPACES
<blank>,SPACE,<blank>,information_schema,def,INNODB_SESSION_TEMP_TABLESPACES
<blank>,STATE,<blank>,information_schema,def,INNODB_SESSION_TEMP_TABLESPACES
<blank>,FLAG,<blank>,information_schema,def,INNODB_TABLES
<blank>,INSTANT_COLS,<blank>,information_schema,def,INNODB_TABLES
<blank>,N_COLS,<blank>,information_schema,def,INNODB_TABLES
<blank>,NAME,<blank>,information_schema,def,INNODB_TABLES
<blank>,ROW_FORMAT,<blank>,information_schema,def,INNODB_TABLES
<blank>,SPACE,<blank>,information_schema,def,INNODB_TABLES
<blank>,SPACE_TYPE,<blank>,information_schema,def,INNODB_TABLES
<blank>,TABLE_ID,<blank>,information_schema,def,INNODB_TABLES
<blank>,ZIP_PAGE_SIZE,<blank>,information_schema,def,INNODB_TABLES
<blank>,ALLOCATED_SIZE,<blank>,information_schema,def,INNODB_TABLESPACES
<blank>,AUTOEXTEND_SIZE,<blank>,information_schema,def,INNODB_TABLESPACES
<blank>,ENCRYPTION,<blank>,information_schema,def,INNODB_TABLESPACES
<blank>,FILE_SIZE,<blank>,information_schema,def,INNODB_TABLESPACES
<blank>,FLAG,<blank>,information_schema,def,INNODB_TABLESPACES
<blank>,FS_BLOCK_SIZE,<blank>,information_schema,def,INNODB_TABLESPACES
<blank>,NAME,<blank>,information_schema,def,INNODB_TABLESPACES
<blank>,PAGE_SIZE,<blank>,information_schema,def,INNODB_TABLESPACES
<blank>,ROW_FORMAT,<blank>,information_schema,def,INNODB_TABLESPACES
<blank>,SERVER_VERSION,<blank>,information_schema,def,INNODB_TABLESPACES
<blank>,SPACE,<blank>,information_schema,def,INNODB_TABLESPACES
<blank>,SPACE_TYPE,<blank>,information_schema,def,INNODB_TABLESPACES
<blank>,SPACE_VERSION,<blank>,information_schema,def,INNODB_TABLESPACES
<blank>,STATE,<blank>,information_schema,def,INNODB_TABLESPACES
<blank>,ZIP_PAGE_SIZE,<blank>,information_schema,def,INNODB_TABLESPACES
<blank>,FLAG,<blank>,information_schema,def,INNODB_TABLESPACES_BRIEF
<blank>,NAME,<blank>,information_schema,def,INNODB_TABLESPACES_BRIEF
<blank>,PATH,<blank>,information_schema,def,INNODB_TABLESPACES_BRIEF
<blank>,SPACE,<blank>,information_schema,def,INNODB_TABLESPACES_BRIEF
<blank>,SPACE_TYPE,<blank>,information_schema,def,INNODB_TABLESPACES_BRIEF
<blank>,AUTOINC,<blank>,information_schema,def,INNODB_TABLESTATS
<blank>,CLUST_INDEX_SIZE,<blank>,information_schema,def,INNODB_TABLESTATS
<blank>,MODIFIED_COUNTER,<blank>,information_schema,def,INNODB_TABLESTATS
<blank>,NAME,<blank>,information_schema,def,INNODB_TABLESTATS
<blank>,NUM_ROWS,<blank>,information_schema,def,INNODB_TABLESTATS
<blank>,OTHER_INDEX_SIZE,<blank>,information_schema,def,INNODB_TABLESTATS
<blank>,REF_COUNT,<blank>,information_schema,def,INNODB_TABLESTATS
<blank>,STATS_INITIALIZED,<blank>,information_schema,def,INNODB_TABLESTATS
<blank>,TABLE_ID,<blank>,information_schema,def,INNODB_TABLESTATS
<blank>,N_COLS,<blank>,information_schema,def,INNODB_TEMP_TABLE_INFO
<blank>,NAME,<blank>,information_schema,def,INNODB_TEMP_TABLE_INFO
<blank>,SPACE,<blank>,information_schema,def,INNODB_TEMP_TABLE_INFO
<blank>,TABLE_ID,<blank>,information_schema,def,INNODB_TEMP_TABLE_INFO
<blank>,trx_adaptive_hash_latched,<blank>,information_schema,def,INNODB_TRX
<blank>,trx_adaptive_hash_timeout,<blank>,information_schema,def,INNODB_TRX
<blank>,trx_autocommit_non_locking,<blank>,information_schema,def,INNODB_TRX
<blank>,trx_concurrency_tickets,<blank>,information_schema,def,INNODB_TRX
<blank>,trx_foreign_key_checks,<blank>,information_schema,def,INNODB_TRX
<blank>,trx_id,<blank>,information_schema,def,INNODB_TRX
<blank>,trx_is_read_only,<blank>,information_schema,def,INNODB_TRX
<blank>,trx_isolation_level,<blank>,information_schema,def,INNODB_TRX
<blank>,trx_last_foreign_key_error,<blank>,information_schema,def,INNODB_TRX
<blank>,trx_lock_memory_bytes,<blank>,information_schema,def,INNODB_TRX
<blank>,trx_lock_structs,<blank>,information_schema,def,INNODB_TRX
<blank>,trx_mysql_thread_id,<blank>,information_schema,def,INNODB_TRX
<blank>,trx_operation_state,<blank>,information_schema,def,INNODB_TRX
<blank>,trx_query,<blank>,information_schema,def,INNODB_TRX
<blank>,trx_requested_lock_id,<blank>,information_schema,def,INNODB_TRX
<blank>,trx_rows_locked,<blank>,information_schema,def,INNODB_TRX
<blank>,trx_rows_modified,<blank>,information_schema,def,INNODB_TRX
<blank>,trx_schedule_weight,<blank>,information_schema,def,INNODB_TRX
<blank>,trx_started,<blank>,information_schema,def,INNODB_TRX
<blank>,trx_state,<blank>,information_schema,def,INNODB_TRX
<blank>,trx_tables_in_use,<blank>,information_schema,def,INNODB_TRX
<blank>,trx_tables_locked,<blank>,information_schema,def,INNODB_TRX
<blank>,trx_unique_checks,<blank>,information_schema,def,INNODB_TRX
<blank>,trx_wait_started,<blank>,information_schema,def,INNODB_TRX
<blank>,trx_weight,<blank>,information_schema,def,INNODB_TRX
<blank>,BASE_POS,<blank>,information_schema,def,INNODB_VIRTUAL
<blank>,POS,<blank>,information_schema,def,INNODB_VIRTUAL
<blank>,TABLE_ID,<blank>,information_schema,def,INNODB_VIRTUAL
<blank>,RESERVED,<blank>,information_schema,def,KEYWORDS
<blank>,WORD,<blank>,information_schema,def,KEYWORDS
<blank>,COLUMN_NAME,<blank>,information_schema,def,KEY_COLUMN_USAGE
<blank>,CONSTRAINT_CATALOG,<blank>,information_schema,def,KEY_COLUMN_USAGE
<blank>,CONSTRAINT_NAME,<blank>,information_schema,def,KEY_COLUMN_USAGE
<blank>,CONSTRAINT_SCHEMA,<blank>,information_schema,def,KEY_COLUMN_USAGE
<blank>,ORDINAL_POSITION,<blank>,information_schema,def,KEY_COLUMN_USAGE
<blank>,POSITION_IN_UNIQUE_CONSTRAINT,<blank>,information_schema,def,KEY_COLUMN_USAGE
<blank>,REFERENCED_COLUMN_NAME,<blank>,information_schema,def,KEY_COLUMN_USAGE
<blank>,REFERENCED_TABLE_NAME,<blank>,information_schema,def,KEY_COLUMN_USAGE
<blank>,REFERENCED_TABLE_SCHEMA,<blank>,information_schema,def,KEY_COLUMN_USAGE
<blank>,TABLE_CATALOG,<blank>,information_schema,def,KEY_COLUMN_USAGE
<blank>,TABLE_NAME,<blank>,information_schema,def,KEY_COLUMN_USAGE
<blank>,TABLE_SCHEMA,<blank>,information_schema,def,KEY_COLUMN_USAGE
<blank>,INSUFFICIENT_PRIVILEGES,<blank>,information_schema,def,OPTIMIZER_TRACE
<blank>,MISSING_BYTES_BEYOND_MAX_MEM_SIZE,<blank>,information_schema,def,OPTIMIZER_TRACE
<blank>,QUERY,<blank>,information_schema,def,OPTIMIZER_TRACE
<blank>,TRACE,<blank>,information_schema,def,OPTIMIZER_TRACE
<blank>,CHARACTER_MAXIMUM_LENGTH,<blank>,information_schema,def,PARAMETERS
<blank>,CHARACTER_OCTET_LENGTH,<blank>,information_schema,def,PARAMETERS
<blank>,CHARACTER_SET_NAME,<blank>,information_schema,def,PARAMETERS
<blank>,COLLATION_NAME,<blank>,information_schema,def,PARAMETERS
<blank>,DATA_TYPE,<blank>,information_schema,def,PARAMETERS
<blank>,DATETIME_PRECISION,<blank>,information_schema,def,PARAMETERS
<blank>,DTD_IDENTIFIER,<blank>,information_schema,def,PARAMETERS
<blank>,NUMERIC_PRECISION,<blank>,information_schema,def,PARAMETERS
<blank>,NUMERIC_SCALE,<blank>,information_schema,def,PARAMETERS
<blank>,ORDINAL_POSITION,<blank>,information_schema,def,PARAMETERS
<blank>,PARAMETER_MODE,<blank>,information_schema,def,PARAMETERS
<blank>,PARAMETER_NAME,<blank>,information_schema,def,PARAMETERS
<blank>,ROUTINE_TYPE,<blank>,information_schema,def,PARAMETERS
<blank>,SPECIFIC_CATALOG,<blank>,information_schema,def,PARAMETERS
<blank>,SPECIFIC_NAME,<blank>,information_schema,def,PARAMETERS
<blank>,SPECIFIC_SCHEMA,<blank>,information_schema,def,PARAMETERS
<blank>,AVG_ROW_LENGTH,<blank>,information_schema,def,PARTITIONS
<blank>,CHECK_TIME,<blank>,information_schema,def,PARTITIONS
<blank>,CHECKSUM,<blank>,information_schema,def,PARTITIONS
<blank>,CREATE_TIME,<blank>,information_schema,def,PARTITIONS
<blank>,DATA_FREE,<blank>,information_schema,def,PARTITIONS
<blank>,DATA_LENGTH,<blank>,information_schema,def,PARTITIONS
<blank>,INDEX_LENGTH,<blank>,information_schema,def,PARTITIONS
<blank>,MAX_DATA_LENGTH,<blank>,information_schema,def,PARTITIONS
<blank>,NODEGROUP,<blank>,information_schema,def,PARTITIONS
<blank>,PARTITION_COMMENT,<blank>,information_schema,def,PARTITIONS
<blank>,PARTITION_DESCRIPTION,<blank>,information_schema,def,PARTITIONS
<blank>,PARTITION_EXPRESSION,<blank>,information_schema,def,PARTITIONS
<blank>,PARTITION_METHOD,<blank>,information_schema,def,PARTITIONS
<blank>,PARTITION_NAME,<blank>,information_schema,def,PARTITIONS
<blank>,PARTITION_ORDINAL_POSITION,<blank>,information_schema,def,PARTITIONS
<blank>,SUBPARTITION_EXPRESSION,<blank>,information_schema,def,PARTITIONS
<blank>,SUBPARTITION_METHOD,<blank>,information_schema,def,PARTITIONS
<blank>,SUBPARTITION_NAME,<blank>,information_schema,def,PARTITIONS
<blank>,SUBPARTITION_ORDINAL_POSITION,<blank>,information_schema,def,PARTITIONS
<blank>,TABLE_CATALOG,<blank>,information_schema,def,PARTITIONS
<blank>,TABLE_NAME,<blank>,information_schema,def,PARTITIONS
<blank>,TABLE_ROWS,<blank>,information_schema,def,PARTITIONS
<blank>,TABLE_SCHEMA,<blank>,information_schema,def,PARTITIONS
<blank>,TABLESPACE_NAME,<blank>,information_schema,def,PARTITIONS
<blank>,UPDATE_TIME,<blank>,information_schema,def,PARTITIONS
<blank>,LOAD_OPTION,<blank>,information_schema,def,PLUGINS
<blank>,PLUGIN_AUTHOR,<blank>,information_schema,def,PLUGINS
<blank>,PLUGIN_DESCRIPTION,<blank>,information_schema,def,PLUGINS
<blank>,PLUGIN_LIBRARY,<blank>,information_schema,def,PLUGINS
<blank>,PLUGIN_LIBRARY_VERSION,<blank>,information_schema,def,PLUGINS
<blank>,PLUGIN_LICENSE,<blank>,information_schema,def,PLUGINS
<blank>,PLUGIN_NAME,<blank>,information_schema,def,PLUGINS
<blank>,PLUGIN_STATUS,<blank>,information_schema,def,PLUGINS
<blank>,PLUGIN_TYPE,<blank>,information_schema,def,PLUGINS
<blank>,PLUGIN_TYPE_VERSION,<blank>,information_schema,def,PLUGINS
<blank>,PLUGIN_VERSION,<blank>,information_schema,def,PLUGINS
<blank>,COMMAND,<blank>,information_schema,def,PROCESSLIST
<blank>,DB,<blank>,information_schema,def,PROCESSLIST
<blank>,HOST,<blank>,information_schema,def,PROCESSLIST
<blank>,ID,<blank>,information_schema,def,PROCESSLIST
<blank>,INFO,<blank>,information_schema,def,PROCESSLIST
<blank>,STATE,<blank>,information_schema,def,PROCESSLIST
<blank>,TIME,<blank>,information_schema,def,PROCESSLIST
<blank>,USER,<blank>,information_schema,def,PROCESSLIST
<blank>,BLOCK_OPS_IN,<blank>,information_schema,def,PROFILING
<blank>,BLOCK_OPS_OUT,<blank>,information_schema,def,PROFILING
<blank>,CONTEXT_INVOLUNTARY,<blank>,information_schema,def,PROFILING
<blank>,CONTEXT_VOLUNTARY,<blank>,information_schema,def,PROFILING
<blank>,CPU_SYSTEM,<blank>,information_schema,def,PROFILING
<blank>,CPU_USER,<blank>,information_schema,def,PROFILING
<blank>,DURATION,<blank>,information_schema,def,PROFILING
<blank>,MESSAGES_RECEIVED,<blank>,information_schema,def,PROFILING
<blank>,MESSAGES_SENT,<blank>,information_schema,def,PROFILING
<blank>,PAGE_FAULTS_MAJOR,<blank>,information_schema,def,PROFILING
<blank>,PAGE_FAULTS_MINOR,<blank>,information_schema,def,PROFILING
<blank>,QUERY_ID,<blank>,information_schema,def,PROFILING
<blank>,SEQ,<blank>,information_schema,def,PROFILING
<blank>,SOURCE_FILE,<blank>,information_schema,def,PROFILING
<blank>,SOURCE_FUNCTION,<blank>,information_schema,def,PROFILING
<blank>,SOURCE_LINE,<blank>,information_schema,def,PROFILING
<blank>,STATE,<blank>,information_schema,def,PROFILING
<blank>,SWAPS,<blank>,information_schema,def,PROFILING
<blank>,CONSTRAINT_CATALOG,<blank>,information_schema,def,REFERENTIAL_CONSTRAINTS
<blank>,CONSTRAINT_NAME,<blank>,information_schema,def,REFERENTIAL_CONSTRAINTS
<blank>,CONSTRAINT_SCHEMA,<blank>,information_schema,def,REFERENTIAL_CONSTRAINTS
<blank>,DELETE_RULE,<blank>,information_schema,def,REFERENTIAL_CONSTRAINTS
<blank>,MATCH_OPTION,<blank>,information_schema,def,REFERENTIAL_CONSTRAINTS
<blank>,REFERENCED_TABLE_NAME,<blank>,information_schema,def,REFERENTIAL_CONSTRAINTS
<blank>,TABLE_NAME,<blank>,information_schema,def,REFERENTIAL_CONSTRAINTS
<blank>,UNIQUE_CONSTRAINT_CATALOG,<blank>,information_schema,def,REFERENTIAL_CONSTRAINTS
<blank>,UNIQUE_CONSTRAINT_NAME,<blank>,information_schema,def,REFERENTIAL_CONSTRAINTS
<blank>,UNIQUE_CONSTRAINT_SCHEMA,<blank>,information_schema,def,REFERENTIAL_CONSTRAINTS
<blank>,UPDATE_RULE,<blank>,information_schema,def,REFERENTIAL_CONSTRAINTS
<blank>,RESOURCE_GROUP_ENABLED,<blank>,information_schema,def,RESOURCE_GROUPS
<blank>,RESOURCE_GROUP_NAME,<blank>,information_schema,def,RESOURCE_GROUPS
<blank>,RESOURCE_GROUP_TYPE,<blank>,information_schema,def,RESOURCE_GROUPS
<blank>,THREAD_PRIORITY,<blank>,information_schema,def,RESOURCE_GROUPS
<blank>,VCPU_IDS,<blank>,information_schema,def,RESOURCE_GROUPS
<blank>,COLUMN_NAME,<blank>,information_schema,def,ROLE_COLUMN_GRANTS
<blank>,GRANTEE,<blank>,information_schema,def,ROLE_COLUMN_GRANTS
<blank>,GRANTEE_HOST,<blank>,information_schema,def,ROLE_COLUMN_GRANTS
<blank>,GRANTOR,<blank>,information_schema,def,ROLE_COLUMN_GRANTS
<blank>,GRANTOR_HOST,<blank>,information_schema,def,ROLE_COLUMN_GRANTS
<blank>,IS_GRANTABLE,<blank>,information_schema,def,ROLE_COLUMN_GRANTS
<blank>,PRIVILEGE_TYPE,<blank>,information_schema,def,ROLE_COLUMN_GRANTS
<blank>,TABLE_CATALOG,<blank>,information_schema,def,ROLE_COLUMN_GRANTS
<blank>,TABLE_NAME,<blank>,information_schema,def,ROLE_COLUMN_GRANTS
<blank>,TABLE_SCHEMA,<blank>,information_schema,def,ROLE_COLUMN_GRANTS
<blank>,GRANTEE,<blank>,information_schema,def,ROLE_ROUTINE_GRANTS
<blank>,GRANTEE_HOST,<blank>,information_schema,def,ROLE_ROUTINE_GRANTS
<blank>,GRANTOR,<blank>,information_schema,def,ROLE_ROUTINE_GRANTS
<blank>,GRANTOR_HOST,<blank>,information_schema,def,ROLE_ROUTINE_GRANTS
<blank>,IS_GRANTABLE,<blank>,information_schema,def,ROLE_ROUTINE_GRANTS
<blank>,PRIVILEGE_TYPE,<blank>,information_schema,def,ROLE_ROUTINE_GRANTS
<blank>,ROUTINE_CATALOG,<blank>,information_schema,def,ROLE_ROUTINE_GRANTS
<blank>,ROUTINE_NAME,<blank>,information_schema,def,ROLE_ROUTINE_GRANTS
<blank>,ROUTINE_SCHEMA,<blank>,information_schema,def,ROLE_ROUTINE_GRANTS
<blank>,SPECIFIC_CATALOG,<blank>,information_schema,def,ROLE_ROUTINE_GRANTS
<blank>,SPECIFIC_NAME,<blank>,information_schema,def,ROLE_ROUTINE_GRANTS
<blank>,SPECIFIC_SCHEMA,<blank>,information_schema,def,ROLE_ROUTINE_GRANTS
<blank>,GRANTEE,<blank>,information_schema,def,ROLE_TABLE_GRANTS
<blank>,GRANTEE_HOST,<blank>,information_schema,def,ROLE_TABLE_GRANTS
<blank>,GRANTOR,<blank>,information_schema,def,ROLE_TABLE_GRANTS
<blank>,GRANTOR_HOST,<blank>,information_schema,def,ROLE_TABLE_GRANTS
<blank>,IS_GRANTABLE,<blank>,information_schema,def,ROLE_TABLE_GRANTS
<blank>,PRIVILEGE_TYPE,<blank>,information_schema,def,ROLE_TABLE_GRANTS
<blank>,TABLE_CATALOG,<blank>,information_schema,def,ROLE_TABLE_GRANTS
<blank>,TABLE_NAME,<blank>,information_schema,def,ROLE_TABLE_GRANTS
<blank>,TABLE_SCHEMA,<blank>,information_schema,def,ROLE_TABLE_GRANTS
<blank>,CHARACTER_MAXIMUM_LENGTH,<blank>,information_schema,def,ROUTINES
<blank>,CHARACTER_OCTET_LENGTH,<blank>,information_schema,def,ROUTINES
<blank>,CHARACTER_SET_CLIENT,<blank>,information_schema,def,ROUTINES
<blank>,CHARACTER_SET_NAME,<blank>,information_schema,def,ROUTINES
<blank>,COLLATION_CONNECTION,<blank>,information_schema,def,ROUTINES
<blank>,COLLATION_NAME,<blank>,information_schema,def,ROUTINES
<blank>,CREATED,<blank>,information_schema,def,ROUTINES
<blank>,DATA_TYPE,<blank>,information_schema,def,ROUTINES
<blank>,DATABASE_COLLATION,<blank>,information_schema,def,ROUTINES
<blank>,DATETIME_PRECISION,<blank>,information_schema,def,ROUTINES
<blank>,DEFINER,<blank>,information_schema,def,ROUTINES
<blank>,DTD_IDENTIFIER,<blank>,information_schema,def,ROUTINES
<blank>,EXTERNAL_LANGUAGE,<blank>,information_schema,def,ROUTINES
<blank>,EXTERNAL_NAME,<blank>,information_schema,def,ROUTINES
<blank>,IS_DETERMINISTIC,<blank>,information_schema,def,ROUTINES
<blank>,LAST_ALTERED,<blank>,information_schema,def,ROUTINES
<blank>,NUMERIC_PRECISION,<blank>,information_schema,def,ROUTINES
<blank>,NUMERIC_SCALE,<blank>,information_schema,def,ROUTINES
<blank>,PARAMETER_STYLE,<blank>,information_schema,def,ROUTINES
<blank>,ROUTINE_BODY,<blank>,information_schema,def,ROUTINES
<blank>,ROUTINE_CATALOG,<blank>,information_schema,def,ROUTINES
<blank>,ROUTINE_COMMENT,<blank>,information_schema,def,ROUTINES
<blank>,ROUTINE_DEFINITION,<blank>,information_schema,def,ROUTINES
<blank>,ROUTINE_NAME,<blank>,information_schema,def,ROUTINES
<blank>,ROUTINE_SCHEMA,<blank>,information_schema,def,ROUTINES
<blank>,ROUTINE_TYPE,<blank>,information_schema,def,ROUTINES
<blank>,SECURITY_TYPE,<blank>,information_schema,def,ROUTINES
<blank>,SPECIFIC_NAME,<blank>,information_schema,def,ROUTINES
<blank>,SQL_DATA_ACCESS,<blank>,information_schema,def,ROUTINES
<blank>,SQL_MODE,<blank>,information_schema,def,ROUTINES
<blank>,SQL_PATH,<blank>,information_schema,def,ROUTINES
<blank>,CATALOG_NAME,<blank>,information_schema,def,SCHEMATA
<blank>,DEFAULT_CHARACTER_SET_NAME,<blank>,information_schema,def,SCHEMATA
<blank>,DEFAULT_COLLATION_NAME,<blank>,information_schema,def,SCHEMATA
<blank>,DEFAULT_ENCRYPTION,<blank>,information_schema,def,SCHEMATA
<blank>,SCHEMA_NAME,<blank>,information_schema,def,SCHEMATA
<blank>,SQL_PATH,<blank>,information_schema,def,SCHEMATA
<blank>,CATALOG_NAME,<blank>,information_schema,def,SCHEMATA_EXTENSIONS
<blank>,OPTIONS,<blank>,information_schema,def,SCHEMATA_EXTENSIONS
<blank>,SCHEMA_NAME,<blank>,information_schema,def,SCHEMATA_EXTENSIONS
<blank>,GRANTEE,<blank>,information_schema,def,SCHEMA_PRIVILEGES
<blank>,IS_GRANTABLE,<blank>,information_schema,def,SCHEMA_PRIVILEGES
<blank>,PRIVILEGE_TYPE,<blank>,information_schema,def,SCHEMA_PRIVILEGES
<blank>,TABLE_CATALOG,<blank>,information_schema,def,SCHEMA_PRIVILEGES
<blank>,TABLE_SCHEMA,<blank>,information_schema,def,SCHEMA_PRIVILEGES
<blank>,CARDINALITY,<blank>,information_schema,def,STATISTICS
<blank>,COLLATION,<blank>,information_schema,def,STATISTICS
<blank>,COLUMN_NAME,<blank>,information_schema,def,STATISTICS
<blank>,COMMENT,<blank>,information_schema,def,STATISTICS
<blank>,EXPRESSION,<blank>,information_schema,def,STATISTICS
<blank>,INDEX_COMMENT,<blank>,information_schema,def,STATISTICS
<blank>,INDEX_NAME,<blank>,information_schema,def,STATISTICS
<blank>,INDEX_SCHEMA,<blank>,information_schema,def,STATISTICS
<blank>,INDEX_TYPE,<blank>,information_schema,def,STATISTICS
<blank>,IS_VISIBLE,<blank>,information_schema,def,STATISTICS
<blank>,NON_UNIQUE,<blank>,information_schema,def,STATISTICS
<blank>,NULLABLE,<blank>,information_schema,def,STATISTICS
<blank>,PACKED,<blank>,information_schema,def,STATISTICS
<blank>,SEQ_IN_INDEX,<blank>,information_schema,def,STATISTICS
<blank>,SUB_PART,<blank>,information_schema,def,STATISTICS
<blank>,TABLE_CATALOG,<blank>,information_schema,def,STATISTICS
<blank>,TABLE_NAME,<blank>,information_schema,def,STATISTICS
<blank>,TABLE_SCHEMA,<blank>,information_schema,def,STATISTICS
<blank>,COLUMN_NAME,<blank>,information_schema,def,ST_GEOMETRY_COLUMNS
<blank>,GEOMETRY_TYPE_NAME,<blank>,information_schema,def,ST_GEOMETRY_COLUMNS
<blank>,SRS_ID,<blank>,information_schema,def,ST_GEOMETRY_COLUMNS
<blank>,SRS_NAME,<blank>,information_schema,def,ST_GEOMETRY_COLUMNS
<blank>,TABLE_CATALOG,<blank>,information_schema,def,ST_GEOMETRY_COLUMNS
<blank>,TABLE_NAME,<blank>,information_schema,def,ST_GEOMETRY_COLUMNS
<blank>,TABLE_SCHEMA,<blank>,information_schema,def,ST_GEOMETRY_COLUMNS
<blank>,DEFINITION,<blank>,information_schema,def,ST_SPATIAL_REFERENCE_SYSTEMS
<blank>,DESCRIPTION,<blank>,information_schema,def,ST_SPATIAL_REFERENCE_SYSTEMS
<blank>,ORGANIZATION,<blank>,information_schema,def,ST_SPATIAL_REFERENCE_SYSTEMS
<blank>,ORGANIZATION_COORDSYS_ID,<blank>,information_schema,def,ST_SPATIAL_REFERENCE_SYSTEMS
<blank>,SRS_ID,<blank>,information_schema,def,ST_SPATIAL_REFERENCE_SYSTEMS
<blank>,SRS_NAME,<blank>,information_schema,def,ST_SPATIAL_REFERENCE_SYSTEMS
<blank>,CONVERSION_FACTOR,<blank>,information_schema,def,ST_UNITS_OF_MEASURE
<blank>,DESCRIPTION,<blank>,information_schema,def,ST_UNITS_OF_MEASURE
<blank>,UNIT_NAME,<blank>,information_schema,def,ST_UNITS_OF_MEASURE
<blank>,UNIT_TYPE,<blank>,information_schema,def,ST_UNITS_OF_MEASURE
<blank>,AUTO_INCREMENT,<blank>,information_schema,def,TABLES
<blank>,AVG_ROW_LENGTH,<blank>,information_schema,def,TABLES
<blank>,CHECK_TIME,<blank>,information_schema,def,TABLES
<blank>,CHECKSUM,<blank>,information_schema,def,TABLES
<blank>,CREATE_OPTIONS,<blank>,information_schema,def,TABLES
<blank>,CREATE_TIME,<blank>,information_schema,def,TABLES
<blank>,DATA_FREE,<blank>,information_schema,def,TABLES
<blank>,DATA_LENGTH,<blank>,information_schema,def,TABLES
<blank>,ENGINE,<blank>,information_schema,def,TABLES
<blank>,INDEX_LENGTH,<blank>,information_schema,def,TABLES
<blank>,MAX_DATA_LENGTH,<blank>,information_schema,def,TABLES
<blank>,ROW_FORMAT,<blank>,information_schema,def,TABLES
<blank>,TABLE_CATALOG,<blank>,information_schema,def,TABLES
<blank>,TABLE_COLLATION,<blank>,information_schema,def,TABLES
<blank>,TABLE_COMMENT,<blank>,information_schema,def,TABLES
<blank>,TABLE_NAME,<blank>,information_schema,def,TABLES
<blank>,TABLE_ROWS,<blank>,information_schema,def,TABLES
<blank>,TABLE_SCHEMA,<blank>,information_schema,def,TABLES
<blank>,TABLE_TYPE,<blank>,information_schema,def,TABLES
<blank>,UPDATE_TIME,<blank>,information_schema,def,TABLES
<blank>,VERSION,<blank>,information_schema,def,TABLES
<blank>,AUTOEXTEND_SIZE,<blank>,information_schema,def,TABLESPACES
<blank>,ENGINE,<blank>,information_schema,def,TABLESPACES
<blank>,EXTENT_SIZE,<blank>,information_schema,def,TABLESPACES
<blank>,LOGFILE_GROUP_NAME,<blank>,information_schema,def,TABLESPACES
<blank>,MAXIMUM_SIZE,<blank>,information_schema,def,TABLESPACES
<blank>,NODEGROUP_ID,<blank>,information_schema,def,TABLESPACES
<blank>,TABLESPACE_COMMENT,<blank>,information_schema,def,TABLESPACES
<blank>,TABLESPACE_NAME,<blank>,information_schema,def,TABLESPACES
<blank>,TABLESPACE_TYPE,<blank>,information_schema,def,TABLESPACES
<blank>,ENGINE_ATTRIBUTE,<blank>,information_schema,def,TABLESPACES_EXTENSIONS
<blank>,TABLESPACE_NAME,<blank>,information_schema,def,TABLESPACES_EXTENSIONS
<blank>,ENGINE_ATTRIBUTE,<blank>,information_schema,def,TABLES_EXTENSIONS
<blank>,SECONDARY_ENGINE_ATTRIBUTE,<blank>,information_schema,def,TABLES_EXTENSIONS
<blank>,TABLE_CATALOG,<blank>,information_schema,def,TABLES_EXTENSIONS
<blank>,TABLE_NAME,<blank>,information_schema,def,TABLES_EXTENSIONS
<blank>,TABLE_SCHEMA,<blank>,information_schema,def,TABLES_EXTENSIONS
<blank>,CONSTRAINT_CATALOG,<blank>,information_schema,def,TABLE_CONSTRAINTS
<blank>,CONSTRAINT_NAME,<blank>,information_schema,def,TABLE_CONSTRAINTS
<blank>,CONSTRAINT_SCHEMA,<blank>,information_schema,def,TABLE_CONSTRAINTS
<blank>,CONSTRAINT_TYPE,<blank>,information_schema,def,TABLE_CONSTRAINTS
<blank>,ENFORCED,<blank>,information_schema,def,TABLE_CONSTRAINTS
<blank>,TABLE_NAME,<blank>,information_schema,def,TABLE_CONSTRAINTS
<blank>,TABLE_SCHEMA,<blank>,information_schema,def,TABLE_CONSTRAINTS
<blank>,CONSTRAINT_CATALOG,<blank>,information_schema,def,TABLE_CONSTRAINTS_EXTENSIONS
<blank>,CONSTRAINT_NAME,<blank>,information_schema,def,TABLE_CONSTRAINTS_EXTENSIONS
<blank>,CONSTRAINT_SCHEMA,<blank>,information_schema,def,TABLE_CONSTRAINTS_EXTENSIONS
<blank>,ENGINE_ATTRIBUTE,<blank>,information_schema,def,TABLE_CONSTRAINTS_EXTENSIONS
<blank>,SECONDARY_ENGINE_ATTRIBUTE,<blank>,information_schema,def,TABLE_CONSTRAINTS_EXTENSIONS
<blank>,TABLE_NAME,<blank>,information_schema,def,TABLE_CONSTRAINTS_EXTENSIONS
<blank>,GRANTEE,<blank>,information_schema,def,TABLE_PRIVILEGES
<blank>,IS_GRANTABLE,<blank>,information_schema,def,TABLE_PRIVILEGES
<blank>,PRIVILEGE_TYPE,<blank>,information_schema,def,TABLE_PRIVILEGES
<blank>,TABLE_CATALOG,<blank>,information_schema,def,TABLE_PRIVILEGES
<blank>,TABLE_NAME,<blank>,information_schema,def,TABLE_PRIVILEGES
<blank>,TABLE_SCHEMA,<blank>,information_schema,def,TABLE_PRIVILEGES
<blank>,ACTION_CONDITION,<blank>,information_schema,def,TRIGGERS
<blank>,ACTION_ORDER,<blank>,information_schema,def,TRIGGERS
<blank>,ACTION_ORIENTATION,<blank>,information_schema,def,TRIGGERS
<blank>,ACTION_REFERENCE_NEW_ROW,<blank>,information_schema,def,TRIGGERS
<blank>,ACTION_REFERENCE_NEW_TABLE,<blank>,information_schema,def,TRIGGERS
<blank>,ACTION_REFERENCE_OLD_ROW,<blank>,information_schema,def,TRIGGERS
<blank>,ACTION_REFERENCE_OLD_TABLE,<blank>,information_schema,def,TRIGGERS
<blank>,ACTION_STATEMENT,<blank>,information_schema,def,TRIGGERS
<blank>,ACTION_TIMING,<blank>,information_schema,def,TRIGGERS
<blank>,CHARACTER_SET_CLIENT,<blank>,information_schema,def,TRIGGERS
<blank>,COLLATION_CONNECTION,<blank>,information_schema,def,TRIGGERS
<blank>,CREATED,<blank>,information_schema,def,TRIGGERS
<blank>,DATABASE_COLLATION,<blank>,information_schema,def,TRIGGERS
<blank>,DEFINER,<blank>,information_schema,def,TRIGGERS
<blank>,EVENT_MANIPULATION,<blank>,information_schema,def,TRIGGERS
<blank>,EVENT_OBJECT_CATALOG,<blank>,information_schema,def,TRIGGERS
<blank>,EVENT_OBJECT_SCHEMA,<blank>,information_schema,def,TRIGGERS
<blank>,EVENT_OBJECT_TABLE,<blank>,information_schema,def,TRIGGERS
<blank>,SQL_MODE,<blank>,information_schema,def,TRIGGERS
<blank>,TRIGGER_CATALOG,<blank>,information_schema,def,TRIGGERS
<blank>,TRIGGER_NAME,<blank>,information_schema,def,TRIGGERS
<blank>,TRIGGER_SCHEMA,<blank>,information_schema,def,TRIGGERS
<blank>,ATTRIBUTE,<blank>,information_schema,def,USER_ATTRIBUTES
<blank>,HOST,<blank>,information_schema,def,USER_ATTRIBUTES
<blank>,USER,<blank>,information_schema,def,USER_ATTRIBUTES
<blank>,GRANTEE,<blank>,information_schema,def,USER_PRIVILEGES
<blank>,IS_GRANTABLE,<blank>,information_schema,def,USER_PRIVILEGES
<blank>,PRIVILEGE_TYPE,<blank>,information_schema,def,USER_PRIVILEGES
<blank>,TABLE_CATALOG,<blank>,information_schema,def,USER_PRIVILEGES
<blank>,CHARACTER_SET_CLIENT,<blank>,information_schema,def,VIEWS
<blank>,CHECK_OPTION,<blank>,information_schema,def,VIEWS
<blank>,COLLATION_CONNECTION,<blank>,information_schema,def,VIEWS
<blank>,DEFINER,<blank>,information_schema,def,VIEWS
<blank>,IS_UPDATABLE,<blank>,information_schema,def,VIEWS
<blank>,SECURITY_TYPE,<blank>,information_schema,def,VIEWS
<blank>,TABLE_CATALOG,<blank>,information_schema,def,VIEWS
<blank>,TABLE_NAME,<blank>,information_schema,def,VIEWS
<blank>,TABLE_SCHEMA,<blank>,information_schema,def,VIEWS
<blank>,VIEW_DEFINITION,<blank>,information_schema,def,VIEWS
<blank>,SPECIFIC_CATALOG,<blank>,information_schema,def,VIEW_ROUTINE_USAGE
<blank>,SPECIFIC_NAME,<blank>,information_schema,def,VIEW_ROUTINE_USAGE
<blank>,SPECIFIC_SCHEMA,<blank>,information_schema,def,VIEW_ROUTINE_USAGE
<blank>,TABLE_CATALOG,<blank>,information_schema,def,VIEW_ROUTINE_USAGE
<blank>,TABLE_NAME,<blank>,information_schema,def,VIEW_ROUTINE_USAGE
<blank>,TABLE_SCHEMA,<blank>,information_schema,def,VIEW_ROUTINE_USAGE
<blank>,TABLE_CATALOG,<blank>,information_schema,def,VIEW_TABLE_USAGE
<blank>,TABLE_NAME,<blank>,information_schema,def,VIEW_TABLE_USAGE
<blank>,TABLE_SCHEMA,<blank>,information_schema,def,VIEW_TABLE_USAGE
<blank>,VIEW_CATALOG,<blank>,information_schema,def,VIEW_TABLE_USAGE
<blank>,VIEW_NAME,<blank>,information_schema,def,VIEW_TABLE_USAGE
<blank>,VIEW_SCHEMA,<blank>,information_schema,def,VIEW_TABLE_USAGE
<blank>,category,<blank>,main,def,blog
<blank>,category2,<blank>,main,def,blog
<blank>,content,<blank>,main,def,blog
<blank>,created_at,<blank>,main,def,blog
<blank>,created_by,<blank>,main,def,blog
<blank>,feature_image,<blank>,main,def,blog
<blank>,id,<blank>,main,def,blog
<blank>,quote_author,<blank>,main,def,blog
<blank>,quote_content,<blank>,main,def,blog
<blank>,subtitle,<blank>,main,def,blog
<blank>,subtitle_image,<blank>,main,def,blog
<blank>,subtitle_text,<blank>,main,def,blog
<blank>,subtitle_text2,<blank>,main,def,blog
<blank>,title,<blank>,main,def,blog
<blank>,video,<blank>,main,def,blog
<blank>,blog_id,<blank>,main,def,blog_comments
<blank>,comment,<blank>,main,def,blog_comments
<blank>,created_at,<blank>,main,def,blog_comments
<blank>,id,<blank>,main,def,blog_comments
<blank>,is_accepted,<blank>,main,def,blog_comments
<blank>,user,<blank>,main,def,blog_comments
<blank>,email,<blank>,main,def,user
<blank>,id,<blank>,main,def,user
<blank>,name,<blank>,main,def,user
<blank>,password,<blank>,main,def,user

